DATE,BAMLCC8A015PYTRIV
2011-09-12,2708.94
2011-09-13,2678.66
2011-09-14,2683.26
2011-09-15,2665.21
2011-09-16,2670.95
2011-09-19,2711.59
2011-09-20,2705.53
2011-09-21,2756.66
2011-09-22,2787.16
2011-09-23,2742.73
2011-09-26,2700.31
2011-09-27,2669.55
2011-09-28,2676.59
2011-09-29,2706.41
2011-09-30,2725.64
2011-10-03,2765.07
2011-10-04,2738.90
2011-10-05,2700.23
2011-10-06,2687.24
2011-10-07,2675.56
2011-10-10,2676.82
2011-10-11,2662.51
2011-10-12,2651.10
2011-10-13,2681.04
2011-10-14,2669.41
2011-10-17,2700.26
2011-10-18,2702.10
2011-10-19,2719.44
2011-10-20,2715.99
2011-10-21,2715.25
2011-10-24,2719.07
2011-10-25,2773.13
2011-10-26,2750.71
2011-10-27,2715.24
2011-10-28,2754.03
2011-10-31,2797.59
2011-11-01,2838.13
2011-11-02,2832.73
2011-11-03,2807.73
2011-11-04,2812.37
2011-11-07,2829.03
2011-11-08,2792.47
2011-11-09,2807.58
2011-11-10,2768.72
2011-11-11,2769.14
2011-11-14,2772.03
2011-11-15,2755.98
2011-11-16,2764.40
2011-11-17,2777.75
2011-11-18,2763.52
2011-11-21,2767.32
2011-11-22,2765.87
2011-11-23,2786.24
2011-11-24,2786.66
2011-11-25,2750.81
2011-11-28,2752.00
2011-11-29,2730.80
2011-11-30,2701.93
2011-12-01,2685.45
2011-12-02,2733.99
2011-12-05,2745.08
2011-12-06,2727.31
2011-12-07,2751.35
2011-12-08,2760.56
2011-12-09,2725.99
2011-12-12,2741.00
2011-12-13,2759.05
2011-12-14,2787.11
2011-12-15,2778.67
2011-12-16,2805.14
2011-12-19,2823.14
2011-12-20,2781.66
2011-12-21,2758.93
2011-12-22,2768.94
2011-12-23,2737.18
2011-12-27,2751.57
2011-12-28,2801.48
2011-12-29,2799.26
2011-12-30,2809.87
2011-12-31,2809.92
2012-01-03,2785.29
2012-01-04,2773.42
2012-01-05,2772.40
2012-01-06,2790.38
2012-01-09,2788.97
2012-01-10,2792.43
2012-01-11,2812.52
2012-01-12,2808.12
2012-01-13,2831.73
2012-01-16,2833.00
2012-01-17,2840.52
2012-01-18,2821.56
2012-01-19,2800.14
2012-01-20,2783.34
2012-01-23,2773.96
2012-01-24,2775.41
2012-01-25,2782.51
2012-01-26,2812.41
2012-01-27,2826.60
2012-01-30,2854.01
2012-01-31,2871.88
2012-02-01,2851.22
2012-02-02,2859.78
2012-02-03,2824.17
2012-02-06,2851.51
2012-02-07,2837.85
2012-02-08,2846.15
2012-02-09,2831.74
2012-02-10,2855.41
2012-02-13,2843.60
2012-02-14,2872.27
2012-02-15,2862.75
2012-02-16,2841.47
2012-02-17,2841.53
2012-02-20,2842.80
2012-02-21,2835.67
2012-02-22,2854.78
2012-02-23,2865.56
2012-02-24,2878.97
2012-02-27,2902.22
2012-02-28,2902.14
2012-02-29,2899.22
2012-03-01,2879.37
2012-03-02,2898.20
2012-03-05,2887.55
2012-03-06,2893.99
2012-03-07,2880.56
2012-03-08,2864.71
2012-03-09,2860.24
2012-03-12,2868.62
2012-03-13,2842.53
2012-03-14,2793.65
2012-03-15,2796.72
2012-03-16,2801.76
2012-03-19,2780.74
2012-03-20,2789.05
2012-03-21,2817.18
2012-03-22,2819.73
2012-03-23,2833.92
2012-03-26,2829.58
2012-03-27,2841.61
2012-03-28,2839.74
2012-03-29,2848.38
2012-03-30,2823.89
2012-03-31,2823.94
2012-04-02,2828.68
2012-04-03,2805.38
2012-04-04,2812.34
2012-04-05,2828.22
2012-04-09,2865.45
2012-04-10,2875.76
2012-04-11,2857.24
2012-04-12,2851.44
2012-04-13,2873.44
2012-04-16,2885.94
2012-04-17,2873.33
2012-04-18,2882.97
2012-04-19,2889.82
2012-04-20,2882.16
2012-04-23,2893.72
2012-04-24,2882.86
2012-04-25,2873.67
2012-04-26,2878.58
2012-04-27,2887.05
2012-04-30,2891.46
2012-05-01,2877.79
2012-05-02,2898.11
2012-05-03,2901.25
2012-05-04,2915.19
2012-05-07,2915.59
2012-05-08,2928.71
2012-05-09,2917.97
2012-05-10,2912.75
2012-05-11,2925.77
2012-05-14,2939.96
2012-05-15,2939.03
2012-05-16,2936.27
2012-05-17,2951.09
2012-05-18,2935.74
2012-05-21,2924.98
2012-05-22,2892.74
2012-05-23,2921.14
2012-05-24,2901.65
2012-05-25,2904.88
2012-05-28,2906.16
2012-05-29,2909.95
2012-05-30,2940.91
2012-05-31,2955.58
2012-06-01,2987.43
2012-06-04,2971.17
2012-06-05,2951.56
2012-06-06,2924.92
2012-06-07,2923.58
2012-06-08,2925.20
2012-06-11,2944.25
2012-06-12,2923.76
2012-06-13,2946.01
2012-06-14,2948.07
2012-06-15,2955.84
2012-06-18,2962.62
2012-06-19,2953.17
2012-06-20,2963.03
2012-06-21,2982.48
2012-06-22,2960.03
2012-06-25,2986.64
2012-06-26,2978.62
2012-06-27,2981.76
2012-06-28,2991.54
2012-06-29,2964.95
2012-06-30,2965.38
2012-07-02,3002.40
2012-07-03,2984.42
2012-07-04,2984.85
2012-07-05,2995.54
2012-07-06,3018.18
2012-07-09,3035.43
2012-07-10,3048.69
2012-07-11,3055.67
2012-07-12,3069.06
2012-07-13,3067.65
2012-07-16,3088.95
2012-07-17,3082.43
2012-07-18,3103.56
2012-07-19,3101.24
2012-07-20,3126.51
2012-07-23,3133.69
2012-07-24,3151.18
2012-07-25,3152.43
2012-07-26,3148.28
2012-07-27,3106.16
2012-07-30,3135.92
2012-07-31,3138.10
2012-08-01,3126.34
2012-08-02,3151.52
2012-08-03,3111.14
2012-08-06,3124.61
2012-08-07,3098.52
2012-08-08,3093.48
2012-08-09,3090.93
2012-08-10,3103.62
2012-08-13,3100.60
2012-08-14,3068.49
2012-08-15,3033.79
2012-08-16,3020.18
2012-08-17,3031.01
2012-08-20,3035.20
2012-08-21,3043.60
2012-08-22,3076.17
2012-08-23,3093.67
2012-08-24,3089.22
2012-08-27,3103.25
2012-08-28,3108.00
2012-08-29,3097.95
2012-08-30,3108.40
2012-08-31,3129.43
2012-09-03,3130.72
2012-09-04,3127.15
2012-09-05,3120.19
2012-09-06,3088.44
2012-09-07,3084.86
2012-09-10,3082.57
2012-09-11,3084.84
2012-09-12,3060.78
2012-09-13,3052.81
2012-09-14,3031.71
2012-09-17,3059.26
2012-09-18,3071.41
2012-09-19,3087.76
2012-09-20,3093.80
2012-09-21,3095.17
2012-09-24,3113.43
2012-09-25,3127.46
2012-09-26,3150.12
2012-09-27,3136.10
2012-09-28,3135.30
2012-09-30,3136.16
2012-10-01,3147.38
2012-10-02,3158.15
2012-10-03,3155.96
2012-10-04,3141.45
2012-10-05,3118.93
2012-10-08,3120.23
2012-10-09,3136.95
2012-10-10,3157.39
2012-10-11,3179.17
2012-10-12,3194.46
2012-10-15,3199.37
2012-10-16,3183.96
2012-10-17,3170.70
2012-10-18,3171.69
2012-10-19,3196.90
2012-10-22,3192.11
2012-10-23,3194.88
2012-10-24,3188.04
2012-10-25,3169.85
2012-10-26,3192.12
2012-10-29,3210.82
2012-10-31,3224.11
2012-11-01,3204.56
2012-11-02,3194.38
2012-11-05,3210.20
2012-11-06,3187.09
2012-11-07,3212.83
2012-11-08,3228.55
2012-11-09,3226.60
2012-11-12,3227.90
2012-11-13,3224.83
2012-11-14,3220.40
2012-11-15,3213.92
2012-11-16,3213.14
2012-11-19,3198.91
2012-11-20,3181.18
2012-11-21,3173.92
2012-11-22,3174.35
2012-11-23,3173.68
2012-11-26,3187.20
2012-11-27,3192.89
2012-11-28,3196.15
2012-11-29,3189.20
2012-11-30,3189.09
2012-12-03,3186.50
2012-12-04,3198.30
2012-12-05,3199.51
2012-12-06,3206.73
2012-12-07,3187.82
2012-12-10,3195.38
2012-12-11,3182.23
2012-12-12,3160.66
2012-12-13,3159.84
2012-12-14,3174.94
2012-12-17,3153.07
2012-12-18,3125.17
2012-12-19,3146.74
2012-12-20,3149.64
2012-12-21,3175.61
2012-12-24,3169.53
2012-12-26,3172.43
2012-12-27,3195.98
2012-12-28,3197.34
2012-12-31,3176.99
2013-01-02,3147.91
2013-01-03,3129.93
2013-01-04,3134.52
2013-01-07,3143.22
2013-01-08,3154.66
2013-01-09,3162.39
2013-01-10,3152.99
2013-01-11,3163.82
2013-01-14,3164.80
2013-01-15,3170.76
2013-01-16,3168.68
2013-01-17,3149.27
2013-01-18,3164.31
2013-01-21,3165.61
2013-01-22,3168.90
2013-01-23,3166.45
2013-01-24,3162.68
2013-01-25,3126.98
2013-01-28,3121.68
2013-01-29,3112.81
2013-01-30,3100.91
2013-01-31,3106.66
2013-02-01,3092.57
2013-02-04,3103.73
2013-02-05,3087.66
2013-02-06,3102.22
2013-02-07,3110.07
2013-02-08,3108.02
2013-02-11,3117.02
2013-02-12,3100.23
2013-02-13,3090.37
2013-02-14,3108.85
2013-02-15,3102.80
2013-02-18,3104.11
2013-02-19,3093.22
2013-02-20,3091.87
2013-02-21,3108.13
2013-02-22,3113.37
2013-02-25,3141.56
2013-02-26,3141.74
2013-02-27,3129.53
2013-02-28,3134.34
2013-03-01,3144.69
2013-03-04,3135.70
2013-03-05,3130.96
2013-03-06,3114.25
2013-03-07,3095.67
2013-03-08,3076.92
2013-03-11,3078.83
2013-03-12,3093.81
2013-03-13,3095.29
2013-03-14,3085.23
2013-03-15,3093.74
2013-03-18,3108.24
2013-03-19,3127.90
2013-03-20,3109.66
2013-03-21,3114.67
2013-03-22,3119.27
2013-03-25,3117.27
2013-03-26,3117.24
2013-03-27,3129.56
2013-03-28,3119.53
2013-03-31,3120.41
2013-04-01,3132.56
2013-04-02,3124.35
2013-04-03,3144.37
2013-04-04,3175.62
2013-04-05,3227.77
2013-04-08,3214.73
2013-04-09,3207.26
2013-04-10,3181.56
2013-04-11,3187.29
2013-04-12,3220.84
2013-04-15,3234.46
2013-04-16,3225.11
2013-04-17,3229.67
2013-04-18,3237.94
2013-04-19,3230.50
2013-04-22,3233.07
2013-04-23,3233.07
2013-04-24,3234.83
2013-04-25,3227.98
2013-04-26,3250.23
2013-04-29,3244.21
2013-04-30,3240.77
2013-05-01,3262.44
2013-05-02,3267.67
2013-05-03,3218.28
2013-05-06,3209.05
2013-05-07,3206.14
2013-05-08,3217.08
2013-05-09,3209.03
2013-05-10,3171.76
2013-05-13,3167.84
2013-05-14,3154.70
2013-05-15,3158.63
2013-05-16,3190.66
2013-05-17,3156.76
2013-05-20,3154.54
2013-05-21,3163.88
2013-05-22,3140.81
2013-05-23,3144.57
2013-05-24,3153.73
2013-05-27,3155.05
2013-05-28,3109.82
2013-05-29,3106.50
2013-05-30,3098.38
2013-05-31,3082.33
2013-06-03,3088.93
2013-06-04,3071.43
2013-06-05,3070.58
2013-06-06,3077.52
2013-06-07,3043.85
2013-06-10,3024.15
2013-06-11,3022.89
2013-06-12,3006.21
2013-06-13,3025.25
2013-06-14,3044.23
2013-06-17,3025.49
2013-06-18,3022.81
2013-06-19,2991.49
2013-06-20,2927.63
2013-06-21,2904.34
2013-06-24,2887.64
2013-06-25,2871.64
2013-06-26,2892.55
2013-06-27,2909.66
2013-06-28,2931.70
2013-06-30,2932.58
2013-07-01,2941.71
2013-07-02,2955.66
2013-07-03,2946.21
2013-07-04,2946.66
2013-07-05,2880.59
2013-07-08,2901.37
2013-07-09,2906.59
2013-07-10,2900.59
2013-07-11,2932.73
2013-07-12,2928.71
2013-07-15,2947.16
2013-07-16,2961.42
2013-07-17,2972.47
2013-07-18,2955.61
2013-07-19,2981.72
2013-07-22,2992.79
2013-07-23,2983.65
2013-07-24,2962.16
2013-07-25,2956.25
2013-07-26,2973.09
2013-07-29,2958.27
2013-07-30,2953.42
2013-07-31,2961.19
2013-08-01,2917.80
2013-08-02,2947.75
2013-08-05,2932.27
2013-08-06,2932.04
2013-08-07,2946.28
2013-08-08,2952.44
2013-08-09,2952.40
2013-08-12,2938.69
2013-08-13,2905.31
2013-08-14,2905.44
2013-08-15,2885.08
2013-08-16,2861.00
2013-08-19,2842.72
2013-08-20,2859.13
2013-08-21,2845.94
2013-08-22,2846.16
2013-08-23,2879.20
2013-08-26,2888.63
2013-08-27,2917.48
2013-08-28,2898.38
2013-08-29,2918.39
2013-09-02,2931.74
2013-09-03,2896.68
2013-09-04,2888.88
2013-09-05,2854.71
2013-09-06,2857.87
2013-09-09,2869.95
2013-09-10,2850.26
2013-09-11,2862.17
2013-09-12,2868.33
2013-09-13,2867.87
2013-09-16,2862.20
2013-09-17,2873.27
2013-09-18,2905.34
2013-09-19,2896.08
2013-09-20,2913.36
2013-09-23,2920.00
2013-09-24,2946.63
2013-09-25,2955.64
2013-09-26,2939.40
2013-09-27,2939.74
2013-09-30,2932.90
2013-10-01,2923.15
2013-10-02,2931.05
2013-10-03,2934.76
2013-10-04,2927.54
2013-10-07,2940.04
2013-10-08,2942.70
2013-10-09,2932.82
2013-10-10,2932.49
2013-10-11,2939.20
2013-10-14,2940.55
2013-10-15,2929.58
2013-10-16,2953.91
2013-10-17,2983.22
2013-10-18,2989.83
2013-10-21,2981.86
2013-10-22,3009.93
2013-10-23,3018.69
2013-10-24,3005.54
2013-10-25,3012.79
2013-10-28,3010.58
2013-10-29,3005.27
2013-10-30,3003.22
2013-10-31,3004.67
2013-11-01,2981.14
2013-11-04,2983.00
2013-11-05,2958.33
2013-11-06,2953.95
2013-11-07,2969.47
2013-11-08,2924.11
2013-11-11,2925.46
2013-11-12,2920.28
2013-11-13,2930.74
2013-11-14,2944.22
2013-11-15,2945.23
2013-11-18,2975.43
2013-11-19,2961.22
2013-11-20,2926.09
2013-11-21,2935.37
2013-11-22,2954.13
2013-11-25,2956.94
2013-11-26,2977.53
2013-11-27,2968.03
2013-11-28,2968.48
2013-11-29,2970.04
2013-11-30,2970.48
2013-12-02,2953.21
2013-12-03,2960.87
2013-12-04,2935.92
2013-12-05,2934.73
2013-12-06,2937.10
2013-12-09,2949.60
2013-12-10,2977.41
2013-12-11,2962.21
2013-12-12,2958.53
2013-12-13,2969.24
2013-12-16,2965.68
2013-12-17,2978.66
2013-12-18,2967.69
2013-12-19,2978.89
2013-12-20,3011.32
2013-12-23,3007.79
2013-12-24,2987.28
2013-12-26,2980.82
2013-12-27,2974.90
2013-12-30,2993.32
2013-12-31,2982.21
2014-01-02,2995.15
2014-01-03,2992.54
2014-01-06,3009.67
2014-01-07,3015.30
2014-01-08,3002.62
2014-01-09,3015.72
2014-01-10,3045.61
2014-01-13,3056.83
2014-01-14,3043.55
2014-01-15,3042.21
2014-01-16,3055.07
2014-01-17,3060.60
2014-01-20,3061.96
2014-01-21,3068.67
2014-01-22,3058.07
2014-01-23,3082.09
2014-01-24,3080.11
2014-01-27,3068.56
2014-01-28,3074.27
2014-01-29,3092.15
2014-01-30,3086.21
2014-01-31,3090.28
2014-02-03,3122.11
2014-02-04,3101.41
2014-02-05,3079.49
2014-02-06,3075.80
2014-02-07,3083.06
2014-02-10,3087.43
2014-02-11,3083.04
2014-02-12,3071.49
2014-02-13,3091.69
2014-02-14,3091.82
2014-02-17,3093.18
2014-02-18,3105.90
2014-02-19,3097.04
2014-02-20,3089.37
2014-02-21,3102.64
2014-02-24,3099.62
2014-02-25,3122.83
2014-02-26,3134.72
2014-02-27,3151.44
2014-02-28,3156.53
2014-03-03,3170.87
2014-03-04,3140.20
2014-03-05,3137.00
2014-03-06,3119.70
2014-03-07,3104.41
2014-03-10,3101.98
2014-03-11,3109.14
2014-03-12,3122.02
2014-03-13,3145.89
2014-03-14,3145.39
2014-03-17,3129.89
2014-03-18,3132.12
2014-03-19,3117.86
2014-03-20,3123.24
2014-03-21,3146.09
2014-03-24,3163.08
2014-03-25,3162.52
2014-03-26,3176.88
2014-03-27,3194.38
2014-03-28,3181.41
2014-03-31,3177.19
2014-04-01,3164.02
2014-04-02,3149.38
2014-04-03,3161.25
2014-04-04,3181.41
2014-04-07,3195.52
2014-04-08,3202.90
2014-04-09,3194.89
2014-04-10,3221.59
2014-04-11,3230.67
2014-04-14,3229.46
2014-04-15,3239.58
2014-04-16,3242.65
2014-04-17,3219.76
2014-04-21,3217.15
2014-04-22,3227.61
2014-04-23,3243.29
2014-04-24,3246.35
2014-04-25,3256.12
2014-04-28,3248.46
2014-04-29,3237.26
2014-04-30,3251.86
2014-05-01,3276.11
2014-05-02,3294.37
2014-05-05,3278.05
2014-05-06,3291.36
2014-05-07,3283.04
2014-05-08,3280.64
2014-05-09,3264.49
2014-05-12,3253.36
2014-05-13,3271.03
2014-05-14,3305.35
2014-05-15,3319.51
2014-05-16,3314.29
2014-05-19,3302.05
2014-05-20,3304.43
2014-05-21,3285.77
2014-05-22,3280.08
2014-05-23,3293.54
2014-05-26,3294.92
2014-05-27,3308.70
2014-05-28,3344.48
2014-05-29,3338.47
2014-05-30,3333.33
2014-05-31,3333.39
2014-06-02,3306.69
2014-06-03,3281.55
2014-06-04,3277.51
2014-06-05,3283.44
2014-06-06,3286.02
2014-06-09,3283.70
2014-06-10,3278.74
2014-06-11,3277.20
2014-06-12,3301.80
2014-06-13,3300.10
2014-06-16,3307.66
2014-06-17,3286.23
2014-06-18,3298.00
2014-06-19,3285.74
2014-06-20,3291.30
2014-06-23,3296.63
2014-06-24,3316.28
2014-06-25,3326.36
2014-06-26,3341.05
2014-06-27,3332.49
2014-06-30,3342.18
2014-07-01,3317.51
2014-07-02,3288.02
2014-07-03,3282.48
2014-07-04,3282.94
2014-07-07,3302.73
2014-07-08,3328.03
2014-07-09,3335.71
2014-07-10,3331.97
2014-07-11,3340.19
2014-07-14,3330.73
2014-07-15,3331.71
2014-07-16,3339.36
2014-07-17,3362.16
2014-07-18,3359.29
2014-07-21,3371.17
2014-07-22,3376.53
2014-07-23,3374.86
2014-07-24,3358.49
2014-07-25,3382.53
2014-07-28,3375.50
2014-07-29,3391.73
2014-07-30,3354.51
2014-07-31,3349.24
2014-08-01,3347.02
2014-08-04,3347.95
2014-08-05,3352.64
2014-08-06,3350.71
2014-08-07,3367.77
2014-08-08,3368.67
2014-08-11,3367.10
2014-08-12,3352.60
2014-08-13,3364.11
2014-08-14,3386.63
2014-08-15,3413.93
2014-08-18,3387.65
2014-08-19,3378.16
2014-08-20,3379.04
2014-08-21,3393.46
2014-08-22,3410.79
2014-08-25,3421.92
2014-08-26,3418.03
2014-08-27,3438.03
2014-08-28,3456.18
2014-08-29,3451.58
2014-08-31,3452.04
2014-09-01,3452.51
2014-09-02,3413.20
2014-09-03,3420.29
2014-09-04,3398.00
2014-09-05,3381.73
2014-09-08,3387.74
2014-09-09,3381.05
2014-09-10,3360.69
2014-09-11,3366.25
2014-09-12,3322.85
2014-09-15,3326.09
2014-09-16,3319.17
2014-09-17,3314.20
2014-09-18,3317.00
2014-09-19,3343.33
2014-09-22,3348.57
2014-09-23,3362.28
2014-09-24,3346.81
2014-09-25,3370.93
2014-09-26,3365.06
2014-09-29,3373.06
2014-09-30,3358.90
2014-10-01,3398.79
2014-10-02,3381.78
2014-10-03,3396.72
2014-10-06,3403.94
2014-10-07,3435.55
2014-10-08,3430.01
2014-10-09,3430.36
2014-10-10,3436.47
2014-10-13,3437.87
2014-10-14,3466.63
2014-10-15,3480.01
2014-10-16,3455.70
2014-10-17,3448.90
2014-10-20,3453.48
2014-10-21,3448.40
2014-10-22,3442.49
2014-10-23,3422.82
2014-10-24,3418.69
2014-10-27,3426.37
2014-10-28,3414.20
2014-10-29,3426.81
2014-10-30,3421.47
2014-10-31,3412.47
2014-11-03,3410.44
2014-11-04,3410.54
2014-11-05,3405.48
2014-11-06,3391.25
2014-11-07,3410.30
2014-11-10,3392.85
2014-11-11,3393.31
2014-11-12,3392.14
2014-11-13,3391.78
2014-11-14,3396.59
2014-11-17,3385.77
2014-11-18,3384.48
2014-11-19,3370.28
2014-11-20,3376.05
2014-11-21,3398.71
2014-11-24,3401.48
2014-11-25,3428.39
2014-11-26,3441.13
2014-11-27,3441.59
2014-11-28,3449.70
2014-11-30,3450.64
2014-12-01,3428.58
2014-12-02,3400.47
2014-12-03,3403.57
2014-12-04,3416.59
2014-12-05,3412.31
2014-12-08,3433.90
2014-12-09,3437.07
2014-12-10,3448.64
2014-12-11,3446.68
2014-12-12,3465.35
2014-12-15,3461.52
2014-12-16,3466.73
2014-12-17,3445.32
2014-12-18,3435.10
2014-12-19,3455.69
2014-12-22,3473.81
2014-12-23,3432.23
2014-12-24,3442.07
2014-12-26,3451.00
2014-12-29,3470.23
2014-12-30,3479.76
2014-12-31,3485.22
2015-01-02,3508.60
2015-01-05,3541.67
2015-01-06,3573.56
2015-01-07,3577.03
2015-01-08,3543.20
2015-01-09,3560.87
2015-01-12,3588.03
2015-01-13,3587.86
2015-01-14,3591.38
2015-01-15,3607.05
2015-01-19,3588.60
2015-01-20,3605.11
2015-01-21,3585.59
2015-01-22,3575.66
2015-01-23,3614.00
2015-01-26,3615.30
2015-01-27,3614.07
2015-01-28,3662.68
2015-01-29,3647.24
2015-01-30,3673.73
2015-01-31,3673.79
2015-02-02,3675.15
2015-02-03,3623.39
2015-02-04,3622.07
2015-02-05,3610.68
2015-02-06,3576.86
2015-02-09,3581.71
2015-02-10,3555.77
2015-02-11,3560.50
2015-02-12,3560.14
2015-02-13,3539.77
2015-02-16,3541.18
2015-02-17,3494.16
2015-02-18,3524.99
2015-02-19,3509.90
2015-02-20,3510.83
2015-02-23,3552.83
2015-02-24,3582.60
2015-02-25,3597.45
2015-02-26,3581.97
2015-02-27,3583.32
2015-02-28,3584.74
2015-03-02,3549.47
2015-03-03,3537.53
2015-03-04,3534.94
2015-03-05,3539.09
2015-03-06,3487.50
2015-03-09,3503.97
2015-03-10,3532.00
2015-03-11,3546.16
2015-03-12,3545.50
2015-03-13,3530.98
2015-03-16,3536.11
2015-03-17,3553.38
2015-03-18,3586.41
2015-03-19,3589.91
2015-03-20,3607.49
2015-03-23,3608.18
2015-03-24,3628.55
2015-03-25,3609.91
2015-03-26,3562.61
2015-03-27,3598.04
2015-03-30,3585.73
2015-03-31,3594.03
2015-04-01,3626.98
2015-04-02,3606.96
2015-04-06,3591.52
2015-04-07,3616.57
2015-04-08,3626.09
2015-04-09,3592.50
2015-04-10,3599.32
2015-04-13,3604.87
2015-04-14,3619.52
2015-04-15,3616.71
2015-04-16,3618.37
2015-04-17,3640.23
2015-04-20,3610.75
2015-04-21,3603.56
2015-04-22,3576.00
2015-04-23,3581.63
2015-04-24,3591.20
2015-04-27,3595.77
2015-04-28,3563.73
2015-04-29,3521.00
2015-04-30,3514.15
2015-05-01,3478.72
2015-05-04,3460.80
2015-05-05,3445.00
2015-05-06,3410.90
2015-05-07,3442.69
2015-05-08,3448.79
2015-05-11,3395.10
2015-05-12,3395.10
2015-05-13,3375.10
2015-05-14,3382.33
2015-05-15,3438.40
2015-05-18,3396.96
2015-05-19,3385.50
2015-05-20,3377.73
2015-05-21,3404.94
2015-05-22,3398.25
2015-05-26,3439.80
2015-05-27,3447.99
2015-05-28,3437.31
2015-05-29,3448.41
2015-05-31,3448.89
2015-06-01,3400.37
2015-06-02,3367.02
2015-06-03,3334.44
2015-06-04,3364.34
2015-06-05,3332.53
2015-06-08,3337.40
2015-06-09,3313.93
2015-06-10,3288.27
2015-06-11,3334.24
2015-06-12,3335.80
2015-06-15,3336.91
2015-06-16,3348.76
2015-06-17,3342.61
2015-06-18,3312.70
2015-06-19,3348.21
2015-06-22,3310.03
2015-06-23,3290.84
2015-06-24,3312.38
2015-06-25,3307.44
2015-06-26,3269.94
2015-06-29,3325.74
2015-06-30,3322.72
2015-07-01,3291.45
2015-07-02,3292.94
2015-07-03,3293.42
2015-07-06,3345.08
2015-07-07,3363.98
2015-07-08,3370.10
2015-07-09,3324.67
2015-07-10,3277.46
2015-07-13,3281.19
2015-07-14,3283.34
2015-07-15,3305.53
2015-07-16,3313.28
2015-07-17,3327.90
2015-07-20,3317.33
2015-07-21,3326.84
2015-07-22,3340.65
2015-07-23,3363.43
2015-07-24,3359.83
2015-07-27,3366.23
2015-07-28,3354.20
2015-07-29,3345.74
2015-07-30,3360.39
2015-07-31,3367.56
2015-08-03,3396.94
2015-08-04,3381.36
2015-08-05,3356.09
2015-08-06,3365.83
2015-08-07,3397.67
2015-08-10,3361.26
2015-08-11,3399.09
2015-08-12,3384.82
2015-08-13,3367.37
2015-08-14,3372.06
2015-08-17,3392.63
2015-08-18,3364.72
2015-08-19,3376.86
2015-08-20,3399.40
2015-08-21,3396.86
2015-08-24,3393.46
2015-08-25,3333.74
2015-08-26,3298.03
2015-08-27,3322.56
2015-08-28,3329.20
2015-08-31,3320.59
2015-09-01,3321.81
2015-09-02,3311.03
2015-09-03,3324.55
2015-09-04,3351.53
2015-09-07,3352.97
2015-09-08,3324.90
2015-09-09,3343.46
2015-09-10,3326.03
2015-09-11,3342.21
2015-09-14,3342.81
2015-09-15,3293.96
2015-09-16,3287.63
2015-09-17,3317.49
2015-09-18,3363.19
2015-09-21,3320.07
2015-09-22,3358.49
2015-09-23,3352.30
2015-09-24,3357.63
2015-09-25,3332.25
2015-09-28,3355.93
2015-09-29,3351.64
2015-09-30,3337.64
2015-10-01,3342.60
2015-10-02,3354.86
2015-10-05,3333.63
2015-10-06,3353.00
2015-10-07,3360.36
2015-10-08,3338.24
2015-10-09,3352.61
2015-10-12,3354.05
2015-10-13,3372.85
2015-10-14,3391.32
2015-10-15,3378.95
2015-10-16,3384.32
2015-10-19,3378.76
2015-10-20,3364.98
2015-10-21,3389.70
2015-10-22,3398.15
2015-10-23,3388.27
2015-10-26,3406.65
2015-10-27,3408.15
2015-10-28,3399.34
2015-10-29,3355.85
2015-10-30,3367.13
2015-10-31,3367.19
2015-11-02,3359.03
2015-11-03,3343.11
2015-11-04,3349.55
2015-11-05,3343.53
2015-11-06,3313.21
2015-11-09,3307.84
2015-11-10,3312.52
2015-11-11,3313.00
2015-11-12,3310.98
2015-11-13,3317.81
2015-11-16,3312.43
2015-11-17,3323.82
2015-11-18,3325.86
2015-11-19,3343.75
2015-11-20,3337.25
2015-11-23,3343.63
2015-11-24,3343.24
2015-11-25,3346.91
2015-11-26,3347.39
2015-11-27,3345.84
2015-11-30,3350.88
2015-12-01,3381.44
2015-12-02,3384.53
2015-12-03,3312.76
2015-12-04,3341.50
2015-12-07,3364.62
2015-12-08,3345.68
2015-12-09,3352.88
2015-12-10,3341.23
2015-12-11,3366.06
2015-12-14,3317.74
2015-12-15,3308.61
2015-12-16,3305.93
2015-12-17,3331.37
2015-12-18,3336.98
2015-12-21,3328.41
2015-12-22,3313.73
2015-12-23,3301.76
2015-12-24,3317.36
2015-12-28,3328.67
2015-12-29,3289.46
2015-12-30,3290.67
2015-12-31,3299.18
2016-01-04,3311.35
2016-01-05,3304.02
2016-01-06,3333.44
2016-01-07,3334.70
2016-01-08,3335.07
2016-01-11,3314.95
2016-01-12,3338.78
2016-01-13,3358.34
2016-01-14,3316.43
2016-01-15,3324.82
2016-01-18,3326.26
2016-01-19,3324.64
2016-01-20,3313.88
2016-01-21,3298.43
2016-01-22,3295.99
2016-01-25,3301.55
2016-01-26,3305.01
2016-01-27,3297.35
2016-01-28,3292.60
2016-01-29,3302.50
2016-01-31,3302.98
2016-02-01,3286.65
2016-02-02,3321.12
2016-02-03,3299.75
2016-02-04,3305.53
2016-02-05,3314.23
2016-02-08,3348.86
2016-02-09,3338.33
2016-02-10,3349.57
2016-02-11,3345.80
2016-02-12,3308.33
2016-02-15,3309.77
2016-02-16,3296.57
2016-02-17,3285.31
2016-02-18,3315.32
2016-02-19,3328.20
2016-02-22,3327.85
2016-02-23,3339.92
2016-02-24,3339.43
2016-02-25,3356.17
2016-02-26,3337.34
2016-02-29,3354.37
2016-03-01,3328.05
2016-03-02,3342.18
2016-03-03,3364.14
2016-03-04,3359.63
2016-03-07,3371.47
2016-03-08,3406.79
2016-03-09,3391.48
2016-03-10,3400.05
2016-03-11,3397.76
2016-03-14,3422.33
2016-03-15,3435.88
2016-03-16,3431.56
2016-03-17,3460.65
2016-03-18,3481.81
2016-03-21,3464.37
2016-03-22,3475.86
2016-03-23,3511.84
2016-03-24,3500.65
2016-03-28,3514.05
2016-03-29,3530.95
2016-03-30,3514.42
2016-03-31,3533.40
2016-04-01,3537.00
2016-04-04,3546.15
2016-04-05,3573.65
2016-04-06,3560.84
2016-04-07,3590.58
2016-04-08,3573.26
2016-04-11,3573.87
2016-04-12,3556.54
2016-04-13,3579.41
2016-04-14,3579.20
2016-04-15,3601.11
2016-04-18,3594.65
2016-04-19,3604.44
2016-04-20,3588.13
2016-04-21,3590.90
2016-04-22,3591.61
2016-04-25,3586.28
2016-04-26,3580.29
2016-04-27,3608.30
2016-04-28,3615.59
2016-04-29,3630.27
2016-04-30,3630.75
2016-05-02,3608.02
2016-05-03,3631.33
2016-05-04,3633.33
2016-05-05,3647.83
2016-05-06,3630.18
2016-05-09,3631.23
2016-05-10,3634.15
2016-05-11,3648.69
2016-05-12,3632.31
2016-05-13,3657.49
2016-05-16,3634.93
2016-05-17,3639.09
2016-05-18,3590.68
2016-05-19,3607.48
2016-05-20,3603.72
2016-05-23,3604.91
2016-05-24,3601.54
2016-05-25,3594.09
2016-05-26,3619.89
2016-05-27,3617.36
2016-05-30,3618.76
2016-05-31,3624.99
2016-06-01,3625.95
2016-06-02,3644.77
2016-06-03,3678.13
2016-06-06,3669.54
2016-06-07,3679.18
2016-06-08,3693.35
2016-06-09,3709.47
2016-06-10,3721.17
2016-06-13,3721.58
2016-06-14,3713.17
2016-06-15,3713.45
2016-06-16,3724.84
2016-06-17,3704.05
2016-06-20,3695.68
2016-06-21,3688.78
2016-06-22,3694.62
2016-06-23,3675.68
2016-06-24,3706.04
2016-06-27,3767.19
2016-06-28,3772.54
2016-06-29,3781.71
2016-06-30,3777.62
2016-07-01,3811.12
2016-07-04,3812.57
2016-07-05,3872.96
2016-07-06,3871.04
2016-07-07,3884.13
2016-07-08,3911.65
2016-07-11,3904.2
2016-07-12,3873.66
2016-07-13,3904.52
2016-07-14,3874.02
2016-07-15,3848.76
2016-07-18,3850.72
2016-07-19,3865.75
2016-07-20,3858.27
2016-07-21,3858.91
2016-07-22,3865.52
2016-07-25,3865.45
2016-07-26,3862.72
2016-07-27,3885.8
2016-07-28,3880.56
2016-07-29,3897.02
2016-07-31,3897.51
2016-08-01,3870.45
2016-08-02,3837.88
2016-08-03,3831.46
2016-08-04,3854.34
2016-08-05,3832.43
2016-08-08,3843.67
2016-08-09,3872.92
2016-08-10,3893.23
2016-08-11,3865.89
2016-08-12,3895.4
2016-08-15,3880.65
2016-08-16,3873.01
2016-08-17,3888.75
2016-08-18,3900.45
2016-08-19,3890.15
2016-08-22,3919.09
2016-08-23,3922.03
2016-08-24,3919.56
2016-08-25,3909.05
2016-08-26,3890
2016-08-29,3935.05
2016-08-30,3924.47
2016-08-31,3922.62
2016-09-01,3923.2
2016-09-02,3900.79
2016-09-05,3902.25
2016-09-06,3920.82
2016-09-07,3918.62
2016-09-08,3871.9
2016-09-09,3833.3
