DATE,BAMLHYH0A0HYM2TRIV
2011-09-12,799.69
2011-09-13,798.85
2011-09-14,799.87
2011-09-15,800.65
2011-09-16,802.06
2011-09-19,801.21
2011-09-20,801.65
2011-09-21,801.17
2011-09-22,793.77
2011-09-23,789.38
2011-09-26,787.69
2011-09-27,787.91
2011-09-28,785.27
2011-09-29,781.70
2011-09-30,775.67
2011-10-03,769.54
2011-10-04,757.49
2011-10-05,758.78
2011-10-06,765.92
2011-10-07,769.46
2011-10-10,770.02
2011-10-11,775.27
2011-10-12,782.98
2011-10-13,785.65
2011-10-14,789.05
2011-10-17,791.51
2011-10-18,792.04
2011-10-19,797.41
2011-10-20,799.02
2011-10-21,803.92
2011-10-24,808.17
2011-10-25,811.92
2011-10-26,812.81
2011-10-27,820.63
2011-10-28,822.80
2011-10-31,821.87
2011-11-01,815.17
2011-11-02,817.23
2011-11-03,819.32
2011-11-04,819.94
2011-11-07,819.86
2011-11-08,819.74
2011-11-09,814.64
2011-11-10,813.70
2011-11-11,813.88
2011-11-14,814.25
2011-11-15,812.37
2011-11-16,811.44
2011-11-17,809.86
2011-11-18,808.14
2011-11-21,804.13
2011-11-22,801.28
2011-11-23,798.39
2011-11-24,798.58
2011-11-25,797.84
2011-11-28,800.30
2011-11-29,799.75
2011-11-30,803.70
2011-12-01,806.35
2011-12-02,809.69
2011-12-05,813.25
2011-12-06,814.21
2011-12-07,815.35
2011-12-08,815.72
2011-12-09,815.06
2011-12-12,814.45
2011-12-13,814.98
2011-12-14,814.07
2011-12-15,814.09
2011-12-16,814.75
2011-12-19,815.66
2011-12-20,816.77
2011-12-21,817.69
2011-12-22,818.91
2011-12-23,819.45
2011-12-27,820.50
2011-12-28,821.87
2011-12-29,822.85
2011-12-30,823.60
2011-12-31,823.62
2012-01-03,827.11
2012-01-04,828.30
2012-01-05,828.69
2012-01-06,829.91
2012-01-09,830.92
2012-01-10,832.52
2012-01-11,832.84
2012-01-12,833.26
2012-01-13,832.49
2012-01-16,833.11
2012-01-17,833.41
2012-01-18,834.00
2012-01-19,836.80
2012-01-20,837.30
2012-01-23,839.39
2012-01-24,840.22
2012-01-25,842.36
2012-01-26,846.58
2012-01-27,847.30
2012-01-30,846.50
2012-01-31,847.53
2012-02-01,848.97
2012-02-02,849.57
2012-02-03,851.41
2012-02-06,852.81
2012-02-07,853.77
2012-02-08,855.30
2012-02-09,855.61
2012-02-10,853.79
2012-02-13,855.25
2012-02-14,855.61
2012-02-15,855.55
2012-02-16,854.46
2012-02-17,856.29
2012-02-20,856.85
2012-02-21,857.77
2012-02-22,858.95
2012-02-23,860.69
2012-02-24,863.08
2012-02-27,864.09
2012-02-28,865.34
2012-02-29,866.84
2012-03-01,867.29
2012-03-02,867.77
2012-03-05,866.33
2012-03-06,861.20
2012-03-07,862.14
2012-03-08,863.54
2012-03-09,864.52
2012-03-12,865.30
2012-03-13,866.18
2012-03-14,866.59
2012-03-15,865.64
2012-03-16,865.70
2012-03-19,866.20
2012-03-20,865.41
2012-03-21,866.10
2012-03-22,865.15
2012-03-23,865.02
2012-03-26,865.80
2012-03-27,866.63
2012-03-28,866.56
2012-03-29,865.62
2012-03-30,866.02
2012-03-31,866.03
2012-04-02,866.60
2012-04-03,866.93
2012-04-04,866.25
2012-04-05,865.83
2012-04-09,864.08
2012-04-10,862.60
2012-04-11,862.04
2012-04-12,863.63
2012-04-13,864.32
2012-04-16,864.83
2012-04-17,866.34
2012-04-18,866.69
2012-04-19,867.11
2012-04-20,867.57
2012-04-23,867.30
2012-04-24,868.68
2012-04-25,870.84
2012-04-26,871.53
2012-04-27,873.40
2012-04-30,874.88
2012-05-01,877.03
2012-05-02,877.68
2012-05-03,878.82
2012-05-04,879.48
2012-05-07,879.62
2012-05-08,879.58
2012-05-09,878.48
2012-05-10,879.28
2012-05-11,879.31
2012-05-14,877.55
2012-05-15,876.50
2012-05-16,874.10
2012-05-17,868.46
2012-05-18,865.68
2012-05-21,862.93
2012-05-22,864.85
2012-05-23,863.12
2012-05-24,863.17
2012-05-25,863.57
2012-05-28,864.13
2012-05-29,865.65
2012-05-30,864.68
2012-05-31,864.32
2012-06-01,860.25
2012-06-04,858.70
2012-06-05,856.67
2012-06-06,860.20
2012-06-07,864.01
2012-06-08,864.58
2012-06-11,866.30
2012-06-12,865.07
2012-06-13,866.06
2012-06-14,866.65
2012-06-15,867.99
2012-06-18,869.40
2012-06-19,873.24
2012-06-20,875.76
2012-06-21,877.01
2012-06-22,876.56
2012-06-25,875.90
2012-06-26,876.37
2012-06-27,877.66
2012-06-28,878.58
2012-06-29,881.70
2012-06-30,881.89
2012-07-02,883.83
2012-07-03,885.03
2012-07-04,885.23
2012-07-05,885.99
2012-07-06,886.56
2012-07-09,887.13
2012-07-10,888.28
2012-07-11,889.01
2012-07-12,888.21
2012-07-13,888.35
2012-07-16,889.06
2012-07-17,889.63
2012-07-18,891.14
2012-07-19,893.00
2012-07-20,893.27
2012-07-23,891.83
2012-07-24,891.81
2012-07-25,891.48
2012-07-26,892.76
2012-07-27,894.23
2012-07-30,896.73
2012-07-31,898.79
2012-08-01,899.86
2012-08-02,900.05
2012-08-03,901.44
2012-08-06,903.19
2012-08-07,904.38
2012-08-08,904.65
2012-08-09,904.55
2012-08-10,903.78
2012-08-13,904.22
2012-08-14,903.87
2012-08-15,903.11
2012-08-16,902.75
2012-08-17,903.22
2012-08-20,904.28
2012-08-21,905.60
2012-08-22,906.43
2012-08-23,907.03
2012-08-24,907.16
2012-08-27,908.09
2012-08-28,908.36
2012-08-29,908.89
2012-08-30,909.19
2012-08-31,909.63
2012-09-03,910.21
2012-09-04,910.66
2012-09-05,911.37
2012-09-06,913.26
2012-09-07,916.38
2012-09-10,918.05
2012-09-11,919.57
2012-09-12,922.53
2012-09-13,923.81
2012-09-14,927.49
2012-09-17,928.29
2012-09-18,928.91
2012-09-19,929.16
2012-09-20,928.21
2012-09-21,927.80
2012-09-24,926.69
2012-09-25,925.42
2012-09-26,920.28
2012-09-27,921.94
2012-09-28,922.20
2012-09-30,922.59
2012-10-01,923.77
2012-10-02,923.98
2012-10-03,924.41
2012-10-04,925.66
2012-10-05,926.76
2012-10-08,927.34
2012-10-09,926.89
2012-10-10,926.16
2012-10-11,928.07
2012-10-12,928.35
2012-10-15,930.12
2012-10-16,931.63
2012-10-17,933.57
2012-10-18,934.44
2012-10-19,933.96
2012-10-22,934.11
2012-10-23,931.66
2012-10-24,931.97
2012-10-25,932.15
2012-10-26,930.89
2012-10-29,930.49
2012-10-31,930.20
2012-11-01,931.32
2012-11-02,932.18
2012-11-05,932.78
2012-11-06,933.86
2012-11-07,932.98
2012-11-08,932.49
2012-11-09,929.94
2012-11-12,930.53
2012-11-13,928.90
2012-11-14,927.95
2012-11-15,924.21
2012-11-16,923.36
2012-11-19,926.19
2012-11-20,927.65
2012-11-21,928.66
2012-11-22,928.85
2012-11-23,929.33
2012-11-26,931.07
2012-11-27,932.68
2012-11-28,933.18
2012-11-29,935.65
2012-11-30,937.10
2012-12-03,938.68
2012-12-04,939.96
2012-12-05,942.94
2012-12-06,944.27
2012-12-07,945.64
2012-12-10,946.68
2012-12-11,948.36
2012-12-12,949.67
2012-12-13,950.07
2012-12-14,949.94
2012-12-17,950.36
2012-12-18,950.98
2012-12-19,951.72
2012-12-20,952.01
2012-12-21,950.99
2012-12-24,951.37
2012-12-26,951.91
2012-12-27,951.98
2012-12-28,951.84
2012-12-31,951.96
2013-01-02,955.93
2013-01-03,957.95
2013-01-04,958.67
2013-01-07,960.26
2013-01-08,961.13
2013-01-09,962.62
2013-01-10,963.63
2013-01-11,964.42
2013-01-14,965.01
2013-01-15,964.35
2013-01-16,964.60
2013-01-17,965.79
2013-01-18,966.62
2013-01-21,967.20
2013-01-22,967.81
2013-01-23,969.16
2013-01-24,970.05
2013-01-25,970.72
2013-01-28,970.91
2013-01-29,969.24
2013-01-30,967.52
2013-01-31,965.06
2013-02-01,965.48
2013-02-04,964.37
2013-02-05,963.38
2013-02-06,963.27
2013-02-07,962.22
2013-02-08,961.81
2013-02-11,962.31
2013-02-12,962.52
2013-02-13,963.99
2013-02-14,964.49
2013-02-15,964.99
2013-02-18,965.57
2013-02-19,965.98
2013-02-20,966.60
2013-02-21,965.58
2013-02-22,966.24
2013-02-25,967.90
2013-02-26,967.10
2013-02-27,968.11
2013-02-28,969.53
2013-03-01,969.66
2013-03-04,970.45
2013-03-05,971.93
2013-03-06,972.76
2013-03-07,973.41
2013-03-08,973.74
2013-03-11,974.51
2013-03-12,975.25
2013-03-13,975.62
2013-03-14,976.47
2013-03-15,977.30
2013-03-18,977.21
2013-03-19,977.61
2013-03-20,978.00
2013-03-21,978.13
2013-03-22,978.11
2013-03-25,978.83
2013-03-26,978.94
2013-03-27,978.81
2013-03-28,979.10
2013-03-31,979.52
2013-04-01,980.02
2013-04-02,980.71
2013-04-03,981.13
2013-04-04,981.42
2013-04-05,980.66
2013-04-08,981.49
2013-04-09,982.52
2013-04-10,984.42
2013-04-11,986.57
2013-04-12,987.28
2013-04-15,986.34
2013-04-16,986.39
2013-04-17,985.83
2013-04-18,986.00
2013-04-19,986.30
2013-04-22,987.49
2013-04-23,989.22
2013-04-24,990.79
2013-04-25,992.53
2013-04-26,993.65
2013-04-29,995.88
2013-04-30,997.71
2013-05-01,1000.04
2013-05-02,1001.55
2013-05-03,1003.61
2013-05-06,1004.70
2013-05-07,1006.89
2013-05-08,1007.18
2013-05-09,1007.51
2013-05-10,1006.20
2013-05-13,1003.92
2013-05-14,1003.10
2013-05-15,1002.69
2013-05-16,1002.81
2013-05-17,1002.80
2013-05-20,1003.86
2013-05-21,1004.13
2013-05-22,1004.18
2013-05-23,1000.46
2013-05-24,999.85
2013-05-27,1000.43
2013-05-28,999.75
2013-05-29,994.55
2013-05-30,994.34
2013-05-31,992.41
2013-06-03,988.88
2013-06-04,987.45
2013-06-05,980.64
2013-06-06,979.56
2013-06-07,984.45
2013-06-10,983.97
2013-06-11,977.17
2013-06-12,978.22
2013-06-13,976.45
2013-06-14,979.75
2013-06-17,981.93
2013-06-18,982.16
2013-06-19,981.84
2013-06-20,969.27
2013-06-21,967.01
2013-06-24,956.93
2013-06-25,955.62
2013-06-26,959.19
2013-06-27,963.83
2013-06-28,965.87
2013-06-30,966.25
2013-07-01,967.60
2013-07-02,968.52
2013-07-03,967.85
2013-07-04,968.04
2013-07-05,965.81
2013-07-08,965.46
2013-07-09,968.12
2013-07-10,969.63
2013-07-11,975.51
2013-07-12,978.05
2013-07-15,980.55
2013-07-16,983.02
2013-07-17,985.64
2013-07-18,989.01
2013-07-19,990.58
2013-07-22,992.03
2013-07-23,992.56
2013-07-24,989.32
2013-07-25,985.62
2013-07-26,984.95
2013-07-29,985.29
2013-07-30,985.56
2013-07-31,984.42
2013-08-01,984.13
2013-08-02,983.05
2013-08-05,983.02
2013-08-06,982.10
2013-08-07,981.03
2013-08-08,981.82
2013-08-09,982.09
2013-08-12,982.39
2013-08-13,981.77
2013-08-14,981.78
2013-08-15,979.28
2013-08-16,978.87
2013-08-19,977.28
2013-08-20,976.05
2013-08-21,975.33
2013-08-22,974.58
2013-08-23,975.56
2013-08-26,976.73
2013-08-27,976.73
2013-08-28,976.64
2013-08-29,977.48
2013-09-02,978.71
2013-09-03,979.63
2013-09-04,979.16
2013-09-05,977.64
2013-09-06,978.12
2013-09-09,979.42
2013-09-10,979.59
2013-09-11,980.38
2013-09-12,981.84
2013-09-13,982.36
2013-09-16,985.50
2013-09-17,985.71
2013-09-18,987.39
2013-09-19,992.12
2013-09-20,992.24
2013-09-23,991.52
2013-09-24,991.38
2013-09-25,990.69
2013-09-26,990.48
2013-09-27,989.44
2013-09-30,988.02
2013-10-01,988.78
2013-10-02,989.80
2013-10-03,991.30
2013-10-04,992.30
2013-10-07,993.06
2013-10-08,993.36
2013-10-09,993.19
2013-10-10,994.65
2013-10-11,995.39
2013-10-14,995.98
2013-10-15,997.01
2013-10-16,998.54
2013-10-17,1001.75
2013-10-18,1004.46
2013-10-21,1006.35
2013-10-22,1007.78
2013-10-23,1008.49
2013-10-24,1009.55
2013-10-25,1009.78
2013-10-28,1010.85
2013-10-29,1011.28
2013-10-30,1012.21
2013-10-31,1012.31
2013-11-01,1012.39
2013-11-04,1012.51
2013-11-05,1011.53
2013-11-06,1011.75
2013-11-07,1012.58
2013-11-08,1009.20
2013-11-11,1009.79
2013-11-12,1008.74
2013-11-13,1007.83
2013-11-14,1009.54
2013-11-15,1010.47
2013-11-18,1012.45
2013-11-19,1012.87
2013-11-20,1013.15
2013-11-21,1012.16
2013-11-22,1013.20
2013-11-25,1014.95
2013-11-26,1015.69
2013-11-27,1016.31
2013-11-28,1016.51
2013-11-29,1016.75
2013-11-30,1017.01
2013-12-02,1017.17
2013-12-03,1017.23
2013-12-04,1016.68
2013-12-05,1016.80
2013-12-06,1017.29
2013-12-09,1018.46
2013-12-10,1019.22
2013-12-11,1019.47
2013-12-12,1018.71
2013-12-13,1018.36
2013-12-16,1019.01
2013-12-17,1018.83
2013-12-18,1018.74
2013-12-19,1019.44
2013-12-20,1020.04
2013-12-23,1020.88
2013-12-24,1020.98
2013-12-26,1021.22
2013-12-27,1021.28
2013-12-30,1022.13
2013-12-31,1022.59
2014-01-02,1023.78
2014-01-03,1024.33
2014-01-06,1025.96
2014-01-07,1027.68
2014-01-08,1027.96
2014-01-09,1028.21
2014-01-10,1029.36
2014-01-13,1030.56
2014-01-14,1030.92
2014-01-15,1031.95
2014-01-16,1032.71
2014-01-17,1033.41
2014-01-20,1034.00
2014-01-21,1034.41
2014-01-22,1034.70
2014-01-23,1033.95
2014-01-24,1030.48
2014-01-27,1029.71
2014-01-28,1030.17
2014-01-29,1029.81
2014-01-30,1030.61
2014-01-31,1030.15
2014-02-03,1030.09
2014-02-04,1028.90
2014-02-05,1029.28
2014-02-06,1030.87
2014-02-07,1032.70
2014-02-10,1034.24
2014-02-11,1036.08
2014-02-12,1037.33
2014-02-13,1037.61
2014-02-14,1038.35
2014-02-17,1038.95
2014-02-18,1040.54
2014-02-19,1041.97
2014-02-20,1042.55
2014-02-21,1043.75
2014-02-24,1045.48
2014-02-25,1047.13
2014-02-26,1048.31
2014-02-27,1049.46
2014-02-28,1050.80
2014-03-03,1050.38
2014-03-04,1051.11
2014-03-05,1051.34
2014-03-06,1050.80
2014-03-07,1048.87
2014-03-10,1048.51
2014-03-11,1048.89
2014-03-12,1048.22
2014-03-13,1048.60
2014-03-14,1047.20
2014-03-17,1048.17
2014-03-18,1049.70
2014-03-19,1050.52
2014-03-20,1048.86
2014-03-21,1049.94
2014-03-24,1050.71
2014-03-25,1051.04
2014-03-26,1051.90
2014-03-27,1051.77
2014-03-28,1052.17
2014-03-31,1053.23
2014-04-01,1054.03
2014-04-02,1054.19
2014-04-03,1054.56
2014-04-04,1055.69
2014-04-07,1055.73
2014-04-08,1055.71
2014-04-09,1056.31
2014-04-10,1057.35
2014-04-11,1055.94
2014-04-14,1056.59
2014-04-15,1056.81
2014-04-16,1057.01
2014-04-17,1056.83
2014-04-21,1057.47
2014-04-22,1057.85
2014-04-23,1058.33
2014-04-24,1058.93
2014-04-25,1058.84
2014-04-28,1059.20
2014-04-29,1059.63
2014-04-30,1060.53
2014-05-01,1061.01
2014-05-02,1061.48
2014-05-05,1061.90
2014-05-06,1062.64
2014-05-07,1063.16
2014-05-08,1064.17
2014-05-09,1064.48
2014-05-12,1065.48
2014-05-13,1066.35
2014-05-14,1067.15
2014-05-15,1066.72
2014-05-16,1066.84
2014-05-19,1067.52
2014-05-20,1068.02
2014-05-21,1067.62
2014-05-22,1067.42
2014-05-23,1067.42
2014-05-26,1068.01
2014-05-27,1068.60
2014-05-28,1069.30
2014-05-29,1070.06
2014-05-30,1071.08
2014-05-31,1071.20
2014-06-02,1071.80
2014-06-03,1071.46
2014-06-04,1071.54
2014-06-05,1072.48
2014-06-06,1074.07
2014-06-09,1075.37
2014-06-10,1076.02
2014-06-11,1076.05
2014-06-12,1076.40
2014-06-13,1076.56
2014-06-16,1077.35
2014-06-17,1077.68
2014-06-18,1077.85
2014-06-19,1079.34
2014-06-20,1080.27
2014-06-23,1081.04
2014-06-24,1081.15
2014-06-25,1080.34
2014-06-26,1080.27
2014-06-27,1080.18
2014-06-30,1080.26
2014-07-01,1080.59
2014-07-02,1080.62
2014-07-03,1080.65
2014-07-04,1080.85
2014-07-07,1081.39
2014-07-08,1081.11
2014-07-09,1080.77
2014-07-10,1078.55
2014-07-11,1078.86
2014-07-14,1079.47
2014-07-15,1078.25
2014-07-16,1077.26
2014-07-17,1075.28
2014-07-18,1073.50
2014-07-21,1073.07
2014-07-22,1074.22
2014-07-23,1075.44
2014-07-24,1075.92
2014-07-25,1075.51
2014-07-28,1075.42
2014-07-29,1074.37
2014-07-30,1072.58
2014-07-31,1065.97
2014-08-01,1060.25
2014-08-04,1061.46
2014-08-05,1064.25
2014-08-06,1063.07
2014-08-07,1065.11
2014-08-08,1064.83
2014-08-11,1068.20
2014-08-12,1069.74
2014-08-13,1072.54
2014-08-14,1074.85
2014-08-15,1076.09
2014-08-18,1077.88
2014-08-19,1079.08
2014-08-20,1079.68
2014-08-21,1080.08
2014-08-22,1080.18
2014-08-25,1080.97
2014-08-26,1081.42
2014-08-27,1081.67
2014-08-28,1081.81
2014-08-29,1081.98
2014-08-31,1082.17
2014-09-01,1082.37
2014-09-02,1081.96
2014-09-03,1081.09
2014-09-04,1079.53
2014-09-05,1077.24
2014-09-08,1077.51
2014-09-09,1075.87
2014-09-10,1072.47
2014-09-11,1071.06
2014-09-12,1070.41
2014-09-15,1069.98
2014-09-16,1068.85
2014-09-17,1069.98
2014-09-18,1071.80
2014-09-19,1072.69
2014-09-22,1071.97
2014-09-23,1069.23
2014-09-24,1066.49
2014-09-25,1062.42
2014-09-26,1058.23
2014-09-29,1055.49
2014-09-30,1059.47
2014-10-01,1061.15
2014-10-02,1061.49
2014-10-03,1065.12
2014-10-06,1068.18
2014-10-07,1066.52
2014-10-08,1063.89
2014-10-09,1061.95
2014-10-10,1056.83
2014-10-13,1057.43
2014-10-14,1053.96
2014-10-15,1048.14
2014-10-16,1049.56
2014-10-17,1060.75
2014-10-20,1062.00
2014-10-21,1068.52
2014-10-22,1069.88
2014-10-23,1070.69
2014-10-24,1070.75
2014-10-27,1070.37
2014-10-28,1070.57
2014-10-29,1070.78
2014-10-30,1070.36
2014-10-31,1071.53
2014-11-03,1071.84
2014-11-04,1069.24
2014-11-05,1070.08
2014-11-06,1069.87
2014-11-07,1070.00
2014-11-10,1070.28
2014-11-11,1070.48
2014-11-12,1070.30
2014-11-13,1069.44
2014-11-14,1067.13
2014-11-17,1065.53
2014-11-18,1063.25
2014-11-19,1060.66
2014-11-20,1059.75
2014-11-21,1063.23
2014-11-24,1064.29
2014-11-25,1065.25
2014-11-26,1065.70
2014-11-27,1065.90
2014-11-28,1063.47
2014-11-30,1063.87
2014-12-01,1056.53
2014-12-02,1054.12
2014-12-03,1054.33
2014-12-04,1054.47
2014-12-05,1053.30
2014-12-08,1050.63
2014-12-09,1044.29
2014-12-10,1040.13
2014-12-11,1037.58
2014-12-12,1031.24
2014-12-15,1026.31
2014-12-16,1019.95
2014-12-17,1026.52
2014-12-18,1038.87
2014-12-19,1042.13
2014-12-22,1044.92
2014-12-23,1046.35
2014-12-24,1046.75
2014-12-26,1047.13
2014-12-29,1048.11
2014-12-30,1048.18
2014-12-31,1048.18
2015-01-02,1048.41
2015-01-05,1045.61
2015-01-06,1042.00
2015-01-07,1045.07
2015-01-08,1049.32
2015-01-09,1050.63
2015-01-12,1050.22
2015-01-13,1050.25
2015-01-14,1047.41
2015-01-15,1048.43
2015-01-19,1048.11
2015-01-20,1048.39
2015-01-21,1048.45
2015-01-22,1050.32
2015-01-23,1051.79
2015-01-26,1052.89
2015-01-27,1052.90
2015-01-28,1055.13
2015-01-29,1055.22
2015-01-30,1055.40
2015-01-31,1055.41
2015-02-02,1055.76
2015-02-03,1058.95
2015-02-04,1060.33
2015-02-05,1062.66
2015-02-06,1065.57
2015-02-09,1065.68
2015-02-10,1066.10
2015-02-11,1066.11
2015-02-12,1067.26
2015-02-13,1068.17
2015-02-16,1068.76
2015-02-17,1069.57
2015-02-18,1071.01
2015-02-19,1071.16
2015-02-20,1072.18
2015-02-23,1073.43
2015-02-24,1075.41
2015-02-25,1077.10
2015-02-26,1079.32
2015-02-27,1080.00
2015-02-28,1080.59
2015-03-02,1080.94
2015-03-03,1079.80
2015-03-04,1078.02
2015-03-05,1078.23
2015-03-06,1075.56
2015-03-09,1074.46
2015-03-10,1070.70
2015-03-11,1071.94
2015-03-12,1072.71
2015-03-13,1069.63
2015-03-16,1068.40
2015-03-17,1066.01
2015-03-18,1065.84
2015-03-19,1068.97
2015-03-20,1070.11
2015-03-23,1071.08
2015-03-24,1072.27
2015-03-25,1073.24
2015-03-26,1072.30
2015-03-27,1073.10
2015-03-30,1074.49
2015-03-31,1074.85
2015-04-01,1075.08
2015-04-02,1075.71
2015-04-06,1077.96
2015-04-07,1080.86
2015-04-08,1082.92
2015-04-09,1082.97
2015-04-10,1083.93
2015-04-13,1085.17
2015-04-14,1085.05
2015-04-15,1086.97
2015-04-16,1087.39
2015-04-17,1086.39
2015-04-20,1087.55
2015-04-21,1088.19
2015-04-22,1087.95
2015-04-23,1088.05
2015-04-24,1089.03
2015-04-27,1089.61
2015-04-28,1089.17
2015-04-29,1087.68
2015-04-30,1087.74
2015-05-01,1087.92
2015-05-04,1088.99
2015-05-05,1088.85
2015-05-06,1086.94
2015-05-07,1086.18
2015-05-08,1088.77
2015-05-11,1088.84
2015-05-12,1085.40
2015-05-13,1087.28
2015-05-14,1087.79
2015-05-15,1089.17
2015-05-18,1088.91
2015-05-19,1088.26
2015-05-20,1087.62
2015-05-21,1088.93
2015-05-22,1089.03
2015-05-26,1089.80
2015-05-27,1090.31
2015-05-28,1090.37
2015-05-29,1090.76
2015-05-31,1090.96
2015-06-01,1090.63
2015-06-02,1089.63
2015-06-03,1087.95
2015-06-04,1085.99
2015-06-05,1082.70
2015-06-08,1081.99
2015-06-09,1079.25
2015-06-10,1079.77
2015-06-11,1081.59
2015-06-12,1080.61
2015-06-15,1078.28
2015-06-16,1077.10
2015-06-17,1078.52
2015-06-18,1079.62
2015-06-19,1081.27
2015-06-22,1082.77
2015-06-23,1082.13
2015-06-24,1081.53
2015-06-25,1080.60
2015-06-26,1078.60
2015-06-29,1073.85
2015-06-30,1074.32
2015-07-01,1076.56
2015-07-02,1077.06
2015-07-03,1077.26
2015-07-06,1074.38
2015-07-07,1072.42
2015-07-08,1071.00
2015-07-09,1071.93
2015-07-10,1073.18
2015-07-13,1074.78
2015-07-14,1075.23
2015-07-15,1076.48
2015-07-16,1076.47
2015-07-17,1073.89
2015-07-20,1072.51
2015-07-21,1069.50
2015-07-22,1065.19
2015-07-23,1064.44
2015-07-24,1063.05
2015-07-27,1059.01
2015-07-28,1060.47
2015-07-29,1064.76
2015-07-30,1067.63
2015-07-31,1067.71
2015-08-03,1066.70
2015-08-04,1066.23
2015-08-05,1066.00
2015-08-06,1062.76
2015-08-07,1059.15
2015-08-10,1058.73
2015-08-11,1054.53
2015-08-12,1050.85
2015-08-13,1053.10
2015-08-14,1052.84
2015-08-17,1052.93
2015-08-18,1052.25
2015-08-19,1050.12
2015-08-20,1047.86
2015-08-21,1044.80
2015-08-24,1036.28
2015-08-25,1041.75
2015-08-26,1041.00
2015-08-27,1045.85
2015-08-28,1047.68
2015-08-31,1048.90
2015-09-01,1047.63
2015-09-02,1048.47
2015-09-03,1051.01
2015-09-04,1050.57
2015-09-07,1051.18
2015-09-08,1053.43
2015-09-09,1055.98
2015-09-10,1055.47
2015-09-11,1055.36
2015-09-14,1055.17
2015-09-15,1054.43
2015-09-16,1051.53
2015-09-17,1051.03
2015-09-18,1049.60
2015-09-21,1048.72
2015-09-22,1042.69
2015-09-23,1042.16
2015-09-24,1036.30
2015-09-25,1034.43
2015-09-28,1023.75
2015-09-29,1020.18
2015-09-30,1021.69
2015-10-01,1019.63
2015-10-02,1016.02
2015-10-05,1023.25
2015-10-06,1028.28
2015-10-07,1036.23
2015-10-08,1037.74
2015-10-09,1043.47
2015-10-12,1044.09
2015-10-13,1042.23
2015-10-14,1041.45
2015-10-15,1041.28
2015-10-16,1044.18
2015-10-19,1045.32
2015-10-20,1047.79
2015-10-21,1048.43
2015-10-22,1047.53
2015-10-23,1050.47
2015-10-26,1050.35
2015-10-27,1048.69
2015-10-28,1049.48
2015-10-29,1049.61
2015-10-30,1049.54
2015-10-31,1049.54
2015-11-02,1051.26
2015-11-03,1052.84
2015-11-04,1052.82
2015-11-05,1049.93
2015-11-06,1045.83
2015-11-09,1041.89
2015-11-10,1039.54
2015-11-11,1039.74
2015-11-12,1034.69
2015-11-13,1031.20
2015-11-16,1029.16
2015-11-17,1032.81
2015-11-18,1031.74
2015-11-19,1028.07
2015-11-20,1025.67
2015-11-23,1024.92
2015-11-24,1023.02
2015-11-25,1024.11
2015-11-26,1024.30
2015-11-27,1024.30
2015-11-30,1025.98
2015-12-01,1028.38
2015-12-02,1029.74
2015-12-03,1026.00
2015-12-04,1023.54
2015-12-07,1019.46
2015-12-08,1012.64
2015-12-09,1011.69
2015-12-10,1010.13
2015-12-11,999.22
2015-12-14,985.74
2015-12-15,993.76
2015-12-16,996.75
2015-12-17,996.35
2015-12-18,989.46
2015-12-21,989.03
2015-12-22,991.02
2015-12-23,994.75
2015-12-24,995.55
2015-12-28,996.33
2015-12-29,998.64
2015-12-30,999.08
2015-12-31,999.52
2016-01-04,996.27
2016-01-05,999.48
2016-01-06,999.47
2016-01-07,995.70
2016-01-08,996.79
2016-01-11,994.12
2016-01-12,992.33
2016-01-13,988.23
2016-01-14,982.62
2016-01-15,971.66
2016-01-18,972.28
2016-01-19,972.36
2016-01-20,958.59
2016-01-21,963.26
2016-01-22,972.74
2016-01-25,974.93
2016-01-26,976.16
2016-01-27,977.87
2016-01-28,980.28
2016-01-29,983.50
2016-01-31,983.71
2016-02-01,981.84
2016-02-02,976.90
2016-02-03,974.70
2016-02-04,975.80
2016-02-05,972.65
2016-02-08,960.75
2016-02-09,955.89
2016-02-10,958.85
2016-02-11,948.12
2016-02-12,953.44
2016-02-15,954.08
2016-02-16,958.72
2016-02-17,966.30
2016-02-18,970.35
2016-02-19,967.92
2016-02-22,972.82
2016-02-23,972.83
2016-02-24,970.25
2016-02-25,975.73
2016-02-26,982.65
2016-02-29,988.28
2016-03-01,996.56
2016-03-02,1002.74
2016-03-03,1005.98
2016-03-04,1013.00
2016-03-07,1016.26
2016-03-08,1015.32
2016-03-09,1013.50
2016-03-10,1016.81
2016-03-11,1024.68
2016-03-14,1027.39
2016-03-15,1024.15
2016-03-16,1022.89
2016-03-17,1029.42
2016-03-18,1035.49
2016-03-21,1037.17
2016-03-22,1036.00
2016-03-23,1034.50
2016-03-24,1028.35
2016-03-28,1027.48
2016-03-29,1024.35
2016-03-30,1029.36
2016-03-31,1031.97
2016-04-01,1031.84
2016-04-04,1033.67
2016-04-05,1031.06
2016-04-06,1034.47
2016-04-07,1033.81
2016-04-08,1036.63
2016-04-11,1038.94
2016-04-12,1042.69
2016-04-13,1049.91
2016-04-14,1052.77
2016-04-15,1053.00
2016-04-18,1053.10
2016-04-19,1059.78
2016-04-20,1064.32
2016-04-21,1065.13
2016-04-22,1064.87
2016-04-25,1063.94
2016-04-26,1065.58
2016-04-27,1068.68
2016-04-28,1073.39
2016-04-29,1072.96
2016-04-30,1073.20
2016-05-02,1073.46
2016-05-03,1069.68
2016-05-04,1067.39
2016-05-05,1067.14
2016-05-06,1063.64
2016-05-09,1063.42
2016-05-10,1065.79
2016-05-11,1068.84
2016-05-12,1069.38
2016-05-13,1068.56
2016-05-16,1071.02
2016-05-17,1072.44
2016-05-18,1072.24
2016-05-19,1067.96
2016-05-20,1071.09
2016-05-23,1072.23
2016-05-24,1074.98
2016-05-25,1078.02
2016-05-26,1079.42
2016-05-27,1079.58
2016-05-30,1080.18
2016-05-31,1080.95
2016-06-01,1078.80
2016-06-02,1080.07
2016-06-03,1081.37
2016-06-06,1085.45
2016-06-07,1089.43
2016-06-08,1093.80
2016-06-09,1093.69
2016-06-10,1090.82
2016-06-13,1088.44
2016-06-14,1082.66
2016-06-15,1084.39
2016-06-16,1079.69
2016-06-17,1082.92
2016-06-20,1090.47
2016-06-21,1090.08
2016-06-22,1092.7
2016-06-23,1096.35
2016-06-24,1084.37
2016-06-27,1078.12
2016-06-28,1081.06
2016-06-29,1089.28
2016-06-30,1092.66
2016-07-01,1096.84
2016-07-04,1097.46
2016-07-05,1098.19
2016-07-06,1098.14
2016-07-07,1102.77
2016-07-08,1108.32
2016-07-11,1115.46
2016-07-12,1121.69
2016-07-13,1118.94
2016-07-14,1121.68
2016-07-15,1121.39
2016-07-18,1121.63
2016-07-19,1121.9
2016-07-20,1123.34
2016-07-21,1124.41
2016-07-22,1124.66
2016-07-25,1124.91
2016-07-26,1122.7
2016-07-27,1122.2
2016-07-28,1121.03
2016-07-29,1120.05
2016-07-31,1120.26
2016-08-01,1119.73
2016-08-02,1117.51
2016-08-03,1118.14
2016-08-04,1122.52
2016-08-05,1126.16
2016-08-08,1129.03
2016-08-09,1132.99
2016-08-10,1133.83
2016-08-11,1134.28
2016-08-12,1135.34
2016-08-15,1137.82
2016-08-16,1139.49
2016-08-17,1139.79
2016-08-18,1140.97
2016-08-19,1141.13
2016-08-22,1141.53
2016-08-23,1143.33
2016-08-24,1143.74
2016-08-25,1143.46
2016-08-26,1144.11
2016-08-29,1144.87
2016-08-30,1145.96
2016-08-31,1145.22
2016-09-01,1144.54
2016-09-02,1145.37
2016-09-05,1145.99
2016-09-06,1147.75
2016-09-07,1148.76
2016-09-08,1149.36
2016-09-09,1144.93
